campanha,data_hora,data,horario,hora_decimal,periodo_dia,ponto,temperatura,ph,od,salinidade,condutividade,transparencia,PCA1,PCA2,cluster,estado_agua
Nictemeral 1,2024-10-09 11:44:00,2024-10-09,11:44,11.733333333333333,manha,SD01,31.1,8.76,9.2,31.5,46.9,36,-3.684387949239389,0.06733605960460612,1,estavel
Nictemeral 1,2024-10-09 11:54:00,2024-10-09,11:54,11.9,manha,SD02,31.4,8.78,9.4,33.5,49.5,28,-2.0301647554444275,1.030211817910655,1,estavel
Nictemeral 1,2024-10-09 11:59:00,2024-10-09,11:59,11.983333333333333,manha,SD03,32.5,8.77,8.4,33.7,49.8,32,-2.5324954240321773,0.9803520472136739,1,estavel
Nictemeral 1,2024-10-09 12:03:00,2024-10-09,12:03,12.05,tarde,SD04,32.2,8.78,9.2,33.9,50.1,30,-2.230274774079323,1.2146255723233619,1,estavel
Nictemeral 1,2024-10-09 12:07:00,2024-10-09,12:07,12.116666666666667,tarde,SD05,32.3,8.79,9.0,33.9,50.1,32,-2.5266509702690136,1.0738907830328357,1,estavel
Nictemeral 1,2024-10-09 12:11:00,2024-10-09,12:11,12.183333333333334,tarde,SD06,32.6,8.8,8.9,34.0,50.1,34,-2.8342418765807347,1.0389935139606272,1,estavel
Nictemeral 1,2024-10-09 12:14:00,2024-10-09,12:14,12.233333333333333,tarde,SD07,33.0,8.78,8.8,33.9,50.0,31,-2.435119267691182,1.380522173993469,1,estavel
Nictemeral 1,2024-10-09 12:17:00,2024-10-09,12:17,12.283333333333333,tarde,SD08,32.5,8.78,9.1,34.1,50.2,33,-2.6293498161483044,1.121416698740154,1,estavel
Nictemeral 1,2024-10-09 12:22:00,2024-10-09,12:22,12.366666666666667,tarde,SD09,32.3,8.79,9.0,34.2,50.5,34,-2.710050962617671,0.9747843582587113,1,estavel
Nictemeral 1,2024-10-09 12:43:00,2024-10-09,12:43,12.716666666666667,tarde,SD01,31.7,8.77,9.0,33.9,50.0,26,-1.6264481238571906,1.2925819111776449,1,estavel
Nictemeral 1,2024-10-09 12:46:00,2024-10-09,12:46,12.766666666666667,tarde,SD02,31.6,8.81,10.0,34.0,50.2,28,-1.9990187042099945,1.3662649734542986,1,estavel
Nictemeral 1,2024-10-09 12:50:00,2024-10-09,12:50,12.833333333333334,tarde,SD03,32.8,8.81,8.5,34.3,50.6,28,-1.923615874000142,1.547172838617243,1,estavel
Nictemeral 1,2024-10-09 12:53:00,2024-10-09,12:53,12.883333333333333,tarde,SD04,32.7,8.81,9.1,34.2,50.4,27,-1.8549884114903583,1.70351219038355,1,estavel
Nictemeral 1,2024-10-09 12:56:00,2024-10-09,12:56,12.933333333333334,tarde,SD05,32.6,8.81,8.1,34.3,50.5,28,-1.8984780186900552,1.3787773699495511,1,estavel
Nictemeral 1,2024-10-09 13:05:00,2024-10-09,13:05,13.083333333333334,tarde,SD06,32.7,8.83,8.8,34.3,50.6,32,-2.532534930858912,1.3091907760962491,1,estavel
Nictemeral 1,2024-10-09 13:12:00,2024-10-09,13:12,13.2,tarde,SD07,32.9,8.82,9.2,34.3,50.6,28,-2.0026259661755135,1.7720758211129344,1,estavel
Nictemeral 1,2024-10-09 13:15:00,2024-10-09,13:15,13.25,tarde,SD08,32.9,8.83,8.9,34.2,50.5,34,-2.862860126327058,1.2690599823751716,1,estavel
Nictemeral 1,2024-10-09 13:17:00,2024-10-09,13:17,13.283333333333333,tarde,SD09,32.8,8.82,9.0,34.2,50.6,29,-2.134023960235189,1.6167989628858908,1,estavel
Nictemeral 1,2024-10-09 13:41:00,2024-10-09,13:41,13.683333333333334,tarde,SD01,32.2,8.87,9.9,34.2,50.4,28,-2.141623355069893,1.6887395665799925,1,estavel
Nictemeral 1,2024-10-09 13:45:00,2024-10-09,13:45,13.75,tarde,SD02,32.4,8.87,10.1,34.3,50.6,30,-2.4064307392912805,1.6862500438583319,1,estavel
Nictemeral 1,2024-10-09 13:48:00,2024-10-09,13:48,13.8,tarde,SD03,32.7,8.86,9.5,34.2,50.5,29,-2.2667011612618673,1.7354017345963961,1,estavel
Nictemeral 1,2024-10-09 13:51:00,2024-10-09,13:51,13.85,tarde,SD04,32.8,8.85,9.5,34.4,50.7,30,-2.3376503809662466,1.7180431411739554,1,estavel
Nictemeral 1,2024-10-09 13:54:00,2024-10-09,13:54,13.9,tarde,SD05,32.9,8.84,9.7,34.3,50.6,30,-2.364797889447362,1.7930827478070919,1,estavel
Nictemeral 1,2024-10-09 13:56:00,2024-10-09,13:56,13.933333333333334,tarde,SD06,32.8,8.86,9.3,34.3,50.6,30,-2.3768995159759703,1.675128452159091,1,estavel
Nictemeral 1,2024-10-09 14:00:00,2024-10-09,14:00,14.0,tarde,SD07,32.9,8.95,9.1,34.3,50.6,31,-2.711681004904781,1.6448119119280038,1,estavel
Nictemeral 1,2024-10-09 14:04:00,2024-10-09,14:04,14.066666666666666,tarde,SD08,33.0,8.85,9.4,34.3,50.6,28,-2.1054714480767895,1.9268336723423745,1,estavel
Nictemeral 1,2024-10-09 14:08:00,2024-10-09,14:08,14.133333333333333,tarde,SD09,32.8,8.85,9.1,34.3,50.7,30,-2.3320911789509817,1.643681480725084,1,estavel
Nictemeral 1,2024-10-09 14:48:00,2024-10-09,14:48,14.8,tarde,SD01,32.5,8.85,9.6,34.4,50.7,28,-2.057978874381403,1.8262168217657164,1,estavel
Nictemeral 1,2024-10-09 14:50:00,2024-10-09,14:50,14.833333333333334,tarde,SD02,32.5,8.9,10.6,34.3,50.5,27,-2.1318345285521145,2.1346718292159106,1,estavel
Nictemeral 1,2024-10-09 14:52:00,2024-10-09,14:52,14.866666666666667,tarde,SD03,32.6,8.88,9.7,34.5,50.8,27,-1.974898314878004,1.9880898441717003,1,estavel
Nictemeral 1,2024-10-09 14:56:00,2024-10-09,14:56,14.933333333333334,tarde,SD04,32.8,8.87,9.0,34.4,50.7,29,-2.234277005537908,1.7580058723174323,1,estavel
Nictemeral 1,2024-10-09 14:58:00,2024-10-09,14:58,14.966666666666667,tarde,SD05,32.7,8.87,9.5,34.4,50.7,29,-2.255254469275224,1.8317433037098065,1,estavel
Nictemeral 1,2024-10-09 15:01:00,2024-10-09,15:01,15.016666666666667,tarde,SD06,32.7,8.87,9.0,34.4,50.7,30,-2.3646657236926463,1.650609003370197,1,estavel
Nictemeral 1,2024-10-09 15:03:00,2024-10-09,15:03,15.05,tarde,SD07,32.7,8.88,8.9,34.5,50.8,30,-2.353985368413955,1.6434305522782526,1,estavel
Nictemeral 1,2024-10-09 15:07:00,2024-10-09,15:07,15.116666666666667,tarde,SD08,32.6,8.87,8.8,34.5,51.1,27,-1.860478339930347,1.8136506163846242,1,estavel
Nictemeral 1,2024-10-09 15:10:00,2024-10-09,15:10,15.166666666666666,tarde,SD09,32.5,8.87,8.9,34.5,50.9,27,-1.8875674182959052,1.7888217192233122,1,estavel
Nictemeral 1,2024-10-09 15:43:00,2024-10-09,15:43,15.716666666666667,tarde,SD01,32.0,8.9,9.3,34.6,51.0,27,-1.9145979369600596,1.7352975398400379,1,estavel
Nictemeral 1,2024-10-09 15:47:00,2024-10-09,15:47,15.783333333333333,tarde,SD02,32.0,8.91,10.0,34.5,50.9,28,-2.1444101902010297,1.8198557821868162,1,estavel
Nictemeral 1,2024-10-09 15:50:00,2024-10-09,15:50,15.833333333333334,tarde,SD03,32.2,8.9,8.5,34.6,51.0,26,-1.7498617863504606,1.7169109172895267,1,estavel
Nictemeral 1,2024-10-09 15:52:00,2024-10-09,15:52,15.866666666666667,tarde,SD04,32.1,8.9,9.2,34.5,50.9,28,-2.0858819796704906,1.6818438906729414,1,estavel
Nictemeral 1,2024-10-09 15:54:00,2024-10-09,15:54,15.9,tarde,SD05,32.1,8.89,9.0,34.7,51.1,29,-2.135703491276038,1.578561046117562,1,estavel
Nictemeral 1,2024-10-09 15:57:00,2024-10-09,15:57,15.95,tarde,SD06,31.8,8.89,8.8,34.7,51.1,30,-2.2356046869127155,1.3440147727674423,1,estavel
Nictemeral 1,2024-10-09 16:04:00,2024-10-09,16:04,16.066666666666666,tarde,SD07,31.9,8.9,8.8,34.6,51.0,27,-1.8825470440304586,1.6059001352812172,1,estavel
Nictemeral 1,2024-10-09 16:08:00,2024-10-09,16:08,16.133333333333333,tarde,SD08,31.8,8.88,8.1,34.6,50.9,30,-2.2178602682898156,1.1812079326802618,1,estavel
Nictemeral 1,2024-10-09 16:12:00,2024-10-09,16:12,16.2,tarde,SD09,31.2,8.88,8.3,34.6,51.0,29,-2.023943533652824,1.0669935130412205,1,estavel
Nictemeral 1,2024-10-09 16:44:00,2024-10-09,16:44,16.733333333333334,tarde,SD01,31.3,8.85,9.1,34.6,50.8,27,-1.7772513485112877,1.4410167963427483,1,estavel
Nictemeral 1,2024-10-09 16:48:00,2024-10-09,16:48,16.8,tarde,SD02,31.7,8.9,9.1,34.5,50.8,28,-2.0755804313053874,1.5537706556766082,1,estavel
Nictemeral 1,2024-10-09 16:51:00,2024-10-09,16:51,16.85,tarde,SD03,31.5,8.89,8.4,34.6,51.0,27,-1.815130404097781,1.4015264998856942,1,estavel
Nictemeral 1,2024-10-09 16:54:00,2024-10-09,16:54,16.9,tarde,SD04,31.3,8.89,8.0,34.6,51.0,29,-2.0502311171471255,1.0898332729206575,1,estavel
Nictemeral 1,2024-10-09 16:57:00,2024-10-09,16:57,16.95,tarde,SD05,31.9,8.89,8.6,34.4,50.8,29,-2.195672033914447,1.4514651171282595,1,estavel
Nictemeral 1,2024-10-09 17:00:00,2024-10-09,17:00,17.0,tarde,SD06,31.7,8.89,8.8,34.4,50.7,29,-2.204920315685623,1.4139521020447556,1,estavel
Nictemeral 1,2024-10-09 17:05:00,2024-10-09,17:05,17.083333333333332,tarde,SD07,31.4,8.89,8.0,34.4,50.8,30,-2.255458749254391,1.0525716348568188,1,estavel
Nictemeral 1,2024-10-09 17:09:00,2024-10-09,17:09,17.15,tarde,SD08,31.3,8.88,7.8,34.4,50.7,30,-2.2284912159108425,0.962158470645691,1,estavel
Nictemeral 1,2024-10-09 17:12:00,2024-10-09,17:12,17.2,tarde,SD09,31.1,8.88,7.5,34.6,51.0,30,-2.1240823163107376,0.839738986063537,1,estavel
Nictemeral 1,2024-10-09 17:44:00,2024-10-09,17:44,17.733333333333334,tarde,SD01,31.2,8.91,7.7,34.6,51.0,29,-2.082897393836188,1.0456659662811494,1,estavel
Nictemeral 1,2024-10-09 17:48:00,2024-10-09,17:48,17.8,tarde,SD02,31.3,8.89,7.9,34.4,50.6,28,-2.007186964056452,1.1711109646038442,1,estavel
Nictemeral 1,2024-10-09 17:50:00,2024-10-09,17:50,17.833333333333332,tarde,SD03,31.2,8.89,7.5,34.4,50.7,29,-2.0984515738936462,0.976220933007103,1,estavel
Nictemeral 1,2024-10-09 17:52:00,2024-10-09,17:52,17.866666666666667,tarde,SD04,31.2,8.89,7.4,34.5,50.8,29,-2.0657313764402003,0.964315375243593,1,estavel
Nictemeral 1,2024-10-09 17:53:00,2024-10-09,17:53,17.883333333333333,tarde,SD05,31.3,8.89,7.8,34.4,50.7,30,-2.2639883694628584,1.0140365640544993,1,estavel
Nictemeral 1,2024-10-09 17:56:00,2024-10-09,17:56,17.933333333333334,tarde,SD06,31.1,8.89,7.5,34.4,50.7,27,-1.8154058060575728,1.087699864455566,1,estavel
Nictemeral 1,2024-10-09 17:58:00,2024-10-09,17:58,17.966666666666665,tarde,SD07,31.1,8.89,7.3,34.3,50.7,28,-1.9549402225930919,0.9693617061587139,1,estavel
Nictemeral 1,2024-10-09 18:00:00,2024-10-09,18:00,18.0,noite,SD08,30.9,8.89,7.0,34.4,50.7,30,-2.18284186491185,0.6821273062070442,1,estavel
Nictemeral 1,2024-10-09 18:03:00,2024-10-09,18:03,18.05,noite,SD09,31.2,8.86,7.6,34.4,50.7,30,-2.1801054626840886,0.9257187395911741,1,estavel
Nictemeral 1,2024-10-09 18:44:00,2024-10-09,18:44,18.733333333333334,noite,SD01,30.6,8.87,7.0,34.6,51.1,30,-2.0408201454671846,0.6262047349550001,1,estavel
Nictemeral 1,2024-10-09 18:46:00,2024-10-09,18:46,18.766666666666666,noite,SD02,31.0,8.85,6.8,34.4,50.7,29,-1.9681241316566989,0.7805689306868284,1,estavel
Nictemeral 1,2024-10-09 18:49:00,2024-10-09,18:49,18.816666666666666,noite,SD03,30.4,8.83,5.9,34.6,50.9,30,-1.900700222594443,0.27626251066429897,1,estavel
Nictemeral 1,2024-10-09 18:52:00,2024-10-09,18:52,18.866666666666667,noite,SD04,30.8,8.86,6.8,34.5,50.8,30,-2.084356626953313,0.647118006309205,1,estavel
Nictemeral 1,2024-10-09 18:54:00,2024-10-09,18:54,18.9,noite,SD05,30.7,8.86,6.8,34.4,50.7,30,-2.1033623030769633,0.6008069285459602,1,estavel
Nictemeral 1,2024-10-09 18:57:00,2024-10-09,18:57,18.95,noite,SD06,30.6,8.86,6.3,34.6,50.7,30,-2.0402518072330365,0.45848226679188003,1,estavel
Nictemeral 1,2024-10-09 19:00:00,2024-10-09,19:00,19.0,noite,SD07,30.6,8.84,7.0,34.5,50.8,30,-2.0363836873034247,0.6106287176385685,1,estavel
Nictemeral 1,2024-10-09 19:02:00,2024-10-09,19:02,19.033333333333335,noite,SD08,30.6,8.83,6.4,34.5,50.8,30,-1.979651860061563,0.47394754404787814,1,estavel
Nictemeral 1,2024-10-09 19:04:00,2024-10-09,19:04,19.066666666666666,noite,SD09,30.7,8.83,6.6,34.3,50.5,28,-1.7948251969999476,0.6844247978120556,1,estavel
Nictemeral 1,2024-10-09 19:44:00,2024-10-09,19:44,19.733333333333334,noite,SD01,30.2,8.79,6.3,34.6,51.2,30,-1.7907780166070593,0.34074355249951893,1,estavel
Nictemeral 1,2024-10-09 19:47:00,2024-10-09,19:47,19.783333333333335,noite,SD02,30.6,8.81,6.2,34.5,50.9,29,-1.7849832197358872,0.5457381016821604,1,estavel
Nictemeral 1,2024-10-09 19:49:00,2024-10-09,19:49,19.816666666666666,noite,SD03,30.5,8.8,6.2,34.4,50.7,30,-1.9345332753444733,0.41697864847912053,1,estavel
Nictemeral 1,2024-10-09 19:51:00,2024-10-09,19:51,19.85,noite,SD04,30.5,8.83,6.4,34.5,50.8,31,-2.123497889593567,0.4137016618378837,1,estavel
Nictemeral 1,2024-10-09 19:53:00,2024-10-09,19:53,19.883333333333333,noite,SD05,30.6,8.83,6.4,34.4,50.7,31,-2.1606114985839824,0.4476976639446471,1,estavel
Nictemeral 1,2024-10-09 19:56:00,2024-10-09,19:56,19.933333333333334,noite,SD06,30.4,8.83,6.4,34.4,50.7,31,-2.1434211096747577,0.37060542407945096,1,estavel
Nictemeral 1,2024-10-09 19:58:00,2024-10-09,19:58,19.966666666666665,noite,SD07,30.3,8.83,6.2,34.4,50.7,32,-2.261124390192354,0.21529461726440194,1,estavel
Nictemeral 1,2024-10-09 20:01:00,2024-10-09,20:01,20.016666666666666,noite,SD08,30.2,8.8,6.0,34.4,50.8,30,-1.8846028811940885,0.2697981639116672,1,estavel
Nictemeral 1,2024-10-09 20:04:00,2024-10-09,20:04,20.066666666666666,noite,SD09,30.1,8.8,6.1,34.4,50.8,31,-2.020263850216934,0.18260761722605603,1,estavel
Nictemeral 1,2024-10-09 20:44:00,2024-10-09,20:44,20.733333333333334,noite,SD01,29.6,8.75,5.5,34.8,51.4,31,-1.7025917052283808,-0.08958557184320903,1,estavel
Nictemeral 1,2024-10-09 20:49:00,2024-10-09,20:49,20.816666666666666,noite,SD02,29.9,8.79,5.3,34.6,51.0,30,-1.7539983219905537,0.05620256398781416,1,estavel
Nictemeral 1,2024-10-09 20:51:00,2024-10-09,20:51,20.85,noite,SD03,30.0,8.78,5.6,34.4,50.7,30,-1.8288426529117612,0.1390994686380881,1,estavel
Nictemeral 1,2024-10-09 20:52:00,2024-10-09,20:52,20.866666666666667,noite,SD04,30.1,8.8,5.8,34.5,50.8,30,-1.8666020987747578,0.2427786976122749,1,estavel
Nictemeral 1,2024-10-09 20:54:00,2024-10-09,20:54,20.9,noite,SD05,30.2,8.8,5.8,34.0,50.8,29,-1.8022401644436492,0.3417724028200448,1,estavel
Nictemeral 1,2024-10-09 20:57:00,2024-10-09,20:57,20.95,noite,SD06,29.9,8.8,5.7,34.5,50.8,31,-1.9820529036563126,0.07287873979853263,1,estavel
Nictemeral 1,2024-10-09 20:59:00,2024-10-09,20:59,20.983333333333334,noite,SD07,30.0,8.78,5.5,34.5,50.8,31,-1.9358709880322833,0.06102219519728154,1,estavel
Nictemeral 1,2024-10-09 21:02:00,2024-10-09,21:02,21.033333333333335,noite,SD08,29.8,8.78,5.4,34.5,50.9,30,-1.760212430623572,0.03930167516881746,1,estavel
Nictemeral 1,2024-10-09 21:04:00,2024-10-09,21:04,21.066666666666666,noite,SD09,27.6,8.78,5.4,34.6,51.1,30,-1.5195181414747103,-0.8285123391519601,1,estavel
Nictemeral 1,2024-10-09 21:48:00,2024-10-09,21:48,21.8,noite,SD01,29.8,8.8,4.9,34.5,50.7,29,-1.6803694974657437,0.04866400678586543,1,estavel
Nictemeral 1,2024-10-09 21:59:00,2024-10-09,21:59,21.983333333333334,noite,SD02,30.0,8.79,5.1,34.4,50.7,27,-1.4285200899484407,0.32275272448865366,1,estavel
Nictemeral 1,2024-10-09 22:04:00,2024-10-09,22:04,22.066666666666666,noite,SD03,29.8,8.78,4.3,34.5,50.8,28,-1.4532954781913006,-2.041801903740521e-05,1,estavel
Nictemeral 1,2024-10-09 22:08:00,2024-10-09,22:08,22.133333333333333,noite,SD04,29.6,8.79,5.1,34.4,50.7,27,-1.395056856087533,0.17178308476307613,1,estavel
Nictemeral 1,2024-10-09 22:14:00,2024-10-09,22:14,22.233333333333334,noite,SD05,29.6,8.79,4.9,34.5,50.8,28,-1.4955895483965602,0.06921303572089489,1,estavel
Nictemeral 1,2024-10-09 22:20:00,2024-10-09,22:20,22.333333333333332,noite,SD06,29.5,8.79,4.9,34.5,50.9,26,-1.1978730035596872,0.18581184025066602,1,estavel
Nictemeral 1,2024-10-09 22:26:00,2024-10-09,22:26,22.433333333333334,noite,SD07,29.5,8.79,5.0,34.4,50.7,29,-1.6614510958773665,-0.016633755448396827,1,estavel
Nictemeral 1,2024-10-09 22:31:00,2024-10-09,22:31,22.516666666666666,noite,SD08,29.4,8.77,4.6,34.4,50.6,27,-1.3251547853475425,-0.01019871948531271,1,estavel
Nictemeral 1,2024-10-09 22:35:00,2024-10-09,22:35,22.583333333333332,noite,SD09,29.4,8.77,4.5,34.5,50.9,30,-1.6774450638408493,-0.2275254914770899,1,estavel
Nictemeral 1,2024-10-09 22:44:00,2024-10-09,22:44,22.733333333333334,noite,SD01,29.4,8.78,4.8,34.6,50.9,26,-1.1554584301875395,0.14748125616789948,1,estavel
Nictemeral 1,2024-10-09 22:48:00,2024-10-09,22:48,22.8,noite,SD02,29.7,8.77,4.2,34.3,50.6,27,-1.3467574826324253,0.03590023987082718,1,estavel
Nictemeral 1,2024-10-09 22:50:00,2024-10-09,22:50,22.833333333333332,noite,SD03,29.6,8.76,3.9,34.1,50.7,27,-1.3095070916448641,-0.07512773661266696,1,estavel
Nictemeral 1,2024-10-09 22:53:00,2024-10-09,22:53,22.883333333333333,noite,SD04,29.5,8.78,4.5,34.5,50.8,28,-1.4528880238772544,-0.023272886549117622,1,estavel
Nictemeral 1,2024-10-09 22:56:00,2024-10-09,22:56,22.933333333333334,noite,SD05,29.4,8.77,4.8,34.5,50.7,29,-1.5929478214057498,-0.07561131512460399,1,estavel
Nictemeral 1,2024-10-09 23:00:00,2024-10-09,23:00,23.0,noite,SD06,29.1,8.77,4.7,34.5,50.8,30,-1.6843680348672767,-0.28161655312697503,1,estavel
Nictemeral 1,2024-10-09 23:05:00,2024-10-09,23:05,23.083333333333332,noite,SD07,29.0,8.77,4.4,34.5,50.8,30,-1.659191467843726,-0.38346067318179305,1,estavel
Nictemeral 1,2024-10-09 23:08:00,2024-10-09,23:08,23.133333333333333,noite,SD08,29.0,8.75,4.5,34.6,50.8,28,-1.3333092153892545,-0.21896681479796268,1,estavel
Nictemeral 1,2024-10-09 23:11:00,2024-10-09,23:11,23.183333333333334,noite,SD09,29.0,8.75,4.3,34.4,50.8,28,-1.3480132048362747,-0.26681285548976225,1,estavel
Nictemeral 1,2024-10-09 23:44:00,2024-10-09,23:44,23.733333333333334,noite,SD01,29.3,8.76,4.2,34.5,50.8,31,-1.8023871473964388,-0.34323473353571043,1,estavel
Nictemeral 1,2024-10-09 23:47:00,2024-10-09,23:47,23.783333333333335,noite,SD02,29.3,8.74,4.3,34.4,50.7,29,-1.5167300111118467,-0.19022253106680123,1,estavel
Nictemeral 1,2024-10-09 23:49:00,2024-10-09,23:49,23.816666666666666,noite,SD03,29.2,8.73,4.3,34.4,50.6,29,-1.5009186754762074,-0.23807982408480513,1,estavel
Nictemeral 1,2024-10-09 23:52:00,2024-10-09,23:52,23.866666666666667,noite,SD04,29.1,8.75,4.4,34.4,50.7,28,-1.3901616625299813,-0.16549349297213609,1,estavel
Nictemeral 1,2024-10-09 23:54:00,2024-10-09,23:54,23.9,noite,SD05,29.3,8.74,4.2,34.3,50.6,27,-1.264608057440542,-0.06816875977801425,1,estavel
Nictemeral 1,2024-10-09 23:59:00,2024-10-09,23:59,23.983333333333334,noite,SD06,29.1,8.74,4.2,34.4,50.8,30,-1.6196509748935315,-0.3475013224546708,1,estavel
Nictemeral 1,2024-10-10 00:02:00,2024-10-10,00:02,0.03333333333333333,madrugada,SD07,29.0,8.74,4.1,34.5,50.8,29,-1.014518891714872,-1.8741304865224278,5,risco
Nictemeral 1,2024-10-10 00:06:00,2024-10-10,00:06,0.1,madrugada,SD08,29.0,8.73,4.0,34.4,50.8,29,-1.0005956642282492,-1.9001015802025485,5,risco
Nictemeral 1,2024-10-10 00:10:00,2024-10-10,00:10,0.16666666666666666,madrugada,SD09,28.9,8.72,4.0,34.5,50.8,29,-0.9579480779789638,-1.937514882052562,5,risco
Nictemeral 1,2024-10-10 00:44:00,2024-10-10,00:44,0.7333333333333333,madrugada,SD01,29.0,8.69,3.7,34.7,51.1,29,-0.8240628387160053,-1.920435053461341,5,risco
Nictemeral 1,2024-10-10 00:48:00,2024-10-10,00:48,0.8,madrugada,SD02,29.2,8.72,3.7,34.4,50.7,29,-1.0065283068072315,-1.8516823668125475,5,risco
Nictemeral 1,2024-10-10 00:51:00,2024-10-10,00:51,0.85,madrugada,SD03,29.0,8.7,3.1,34.3,50.6,27,-0.6615756097772659,-1.9354240867341472,5,risco
Nictemeral 1,2024-10-10 00:56:00,2024-10-10,00:56,0.9333333333333333,madrugada,SD04,29.0,8.71,3.8,34.4,50.7,29,-0.9747112624922927,-1.9057940977431196,5,risco
Nictemeral 1,2024-10-10 00:59:00,2024-10-10,00:59,0.9833333333333333,madrugada,SD05,29.0,8.71,3.7,34.5,50.9,28,-0.7897126913650078,-1.8389067734034619,5,risco
Nictemeral 1,2024-10-10 01:03:00,2024-10-10,01:03,1.05,madrugada,SD06,28.8,8.71,3.8,34.4,50.7,28,-0.8208308208675701,-1.9059984885816446,5,risco
Nictemeral 1,2024-10-10 01:06:00,2024-10-10,01:06,1.1,madrugada,SD07,28.8,8.71,3.6,34.5,50.8,29,-0.9204459692190563,-2.011783377628638,5,risco
Nictemeral 1,2024-10-10 01:10:00,2024-10-10,01:10,1.1666666666666667,madrugada,SD08,28.7,8.69,3.5,34.5,50.8,29,-0.8626517635397561,-2.0794542264985227,5,risco
Nictemeral 1,2024-10-10 01:12:00,2024-10-10,01:12,1.2,madrugada,SD09,28.8,8.69,3.5,34.9,50.8,29,-0.821208747606672,-2.0244338942264215,5,risco
Nictemeral 1,2024-10-10 01:44:00,2024-10-10,01:44,1.7333333333333334,madrugada,SD01,28.8,8.69,3.4,34.6,50.9,28,-0.7108592234079075,-1.9443132219221122,5,risco
Nictemeral 1,2024-10-10 01:47:00,2024-10-10,01:47,1.7833333333333332,madrugada,SD02,28.9,8.67,2.8,34.4,50.7,29,-0.8342567062400906,-2.1336992735975793,5,risco
Nictemeral 1,2024-10-10 01:51:00,2024-10-10,01:51,1.85,madrugada,SD03,28.7,8.67,2.7,34.4,50.7,28,-0.6735747738180264,-2.159468053372416,5,risco
Nictemeral 1,2024-10-10 01:55:00,2024-10-10,01:55,1.9166666666666665,madrugada,SD04,28.7,8.69,3.4,34.5,50.8,28,-0.7326175314041815,-1.9809797796709212,5,risco
Nictemeral 1,2024-10-10 01:58:00,2024-10-10,01:58,1.9666666666666668,madrugada,SD05,28.8,8.68,3.1,34.4,50.7,28,-0.7303453056862912,-2.0176879176952855,5,risco
Nictemeral 1,2024-10-10 02:02:00,2024-10-10,02:02,2.033333333333333,madrugada,SD06,28.6,8.67,3.3,34.5,50.8,29,-0.8136543143413125,-2.1180371842229118,5,risco
Nictemeral 1,2024-10-10 02:05:00,2024-10-10,02:05,2.0833333333333335,madrugada,SD07,28.6,8.68,3.3,34.4,50.7,29,-0.8640596470589428,-2.118396002044651,5,risco
Nictemeral 1,2024-10-10 02:09:00,2024-10-10,02:09,2.15,madrugada,SD08,28.5,8.68,3.2,34.4,50.8,27,-0.559847459410576,-2.026289973116255,5,risco
Nictemeral 1,2024-10-10 02:12:00,2024-10-10,02:12,2.2,madrugada,SD09,28.5,8.67,3.2,34.4,50.7,27,-0.5533959381941653,-2.032922112864317,5,risco
Nictemeral 1,2024-10-10 02:44:00,2024-10-10,02:44,2.7333333333333334,madrugada,SD01,28.7,8.67,3.0,34.5,50.8,29,-0.8179020556608637,-2.099924531015041,5,risco
Nictemeral 1,2024-10-10 02:47:00,2024-10-10,02:47,2.783333333333333,madrugada,SD02,28.6,8.67,2.5,34.5,50.8,28,-0.6424324543271318,-2.176009579915812,5,risco
Nictemeral 1,2024-10-10 02:50:00,2024-10-10,02:50,2.8333333333333335,madrugada,SD03,28.4,8.66,2.8,34.4,50.8,27,-0.495717788688214,-2.121359775387957,5,risco
Nictemeral 1,2024-10-10 02:53:00,2024-10-10,02:53,2.8833333333333333,madrugada,SD04,28.6,8.68,2.6,34.4,50.7,28,-0.6996392778421037,-2.1508040088012383,5,risco
Nictemeral 1,2024-10-10 02:57:00,2024-10-10,02:57,2.95,madrugada,SD05,28.6,8.67,2.8,34.3,50.6,28,-0.7180386678756829,-2.1148463287681687,5,risco
Nictemeral 1,2024-10-10 03:03:00,2024-10-10,03:03,3.05,madrugada,SD06,28.4,8.67,2.9,34.3,50.6,28,-0.7076497697638,-2.166374179697053,5,risco
Nictemeral 1,2024-10-10 03:06:00,2024-10-10,03:06,3.1,madrugada,SD07,28.4,8.66,2.8,34.3,50.6,28,-0.6806435247067898,-2.190235995295305,5,risco
Nictemeral 1,2024-10-10 03:10:00,2024-10-10,03:10,3.1666666666666665,madrugada,SD08,28.3,8.65,2.8,34.3,50.6,28,-0.6507731080420449,-2.2308301885621233,5,risco
Nictemeral 1,2024-10-10 03:13:00,2024-10-10,03:13,3.216666666666667,madrugada,SD09,28.4,8.65,2.8,34.3,50.6,28,-0.6607446184329682,-2.1874618086223085,5,risco
Nictemeral 1,2024-10-10 03:44:00,2024-10-10,03:44,3.7333333333333334,madrugada,SD01,28.4,8.63,2.7,34.6,50.9,28,-0.5379184350489027,-2.1611432640195325,5,risco
Nictemeral 1,2024-10-10 03:47:00,2024-10-10,03:47,3.783333333333333,madrugada,SD02,28.6,8.63,2.6,34.2,50.5,28,-0.6608517513747666,-2.1331739510686747,5,risco
Nictemeral 1,2024-10-10 03:51:00,2024-10-10,03:51,3.85,madrugada,SD03,28.3,8.63,2.4,34.4,50.7,28,-0.5682494571677256,-2.2774456864007053,5,risco
Nictemeral 1,2024-10-10 03:55:00,2024-10-10,03:55,3.9166666666666665,madrugada,SD04,28.4,8.63,2.7,34.4,50.7,28,-0.5961786560638982,-2.1659570463314526,5,risco
Nictemeral 1,2024-10-10 03:59:00,2024-10-10,03:59,3.9833333333333334,madrugada,SD05,28.4,8.65,2.7,34.4,50.7,28,-0.6414817323567864,-2.1522163796485745,5,risco
Nictemeral 1,2024-10-10 04:03:00,2024-10-10,04:03,4.05,madrugada,SD06,28.3,8.65,2.7,34.5,50.8,28,-0.6062032112814527,-2.1797827017457125,5,risco
Nictemeral 1,2024-10-10 04:05:00,2024-10-10,04:05,4.083333333333333,madrugada,SD07,28.2,8.63,2.6,34.4,50.7,28,-0.5752452562158017,-2.2578975417835863,5,risco
Nictemeral 1,2024-10-10 04:09:00,2024-10-10,04:09,4.15,madrugada,SD08,28.2,8.63,2.6,34.4,50.7,28,-0.5764686481591894,-2.2536110884438365,5,risco
Nictemeral 1,2024-10-10 04:11:00,2024-10-10,04:11,4.183333333333334,madrugada,SD09,28.3,8.63,2.6,34.3,50.6,28,-0.6135822571496061,-2.2196150863370736,5,risco
Nictemeral 1,2024-10-10 04:44:00,2024-10-10,04:44,4.733333333333333,madrugada,SD01,28.4,8.64,2.5,34.5,50.8,28,-0.5939892092802076,-2.145119219612843,5,risco
Nictemeral 1,2024-10-10 04:47:00,2024-10-10,04:47,4.783333333333333,madrugada,SD02,28.4,8.61,1.8,34.4,50.7,28,-0.5150475454202271,-2.3208333066413416,5,risco
Nictemeral 1,2024-10-10 04:51:00,2024-10-10,04:51,4.85,madrugada,SD03,28.2,8.61,2.0,34.3,50.6,28,-0.5373788447617915,-2.360455599806714,5,risco
Nictemeral 1,2024-10-10 04:54:00,2024-10-10,04:54,4.9,madrugada,SD04,28.1,8.63,2.3,34.4,50.8,28,-0.5488552235687181,-2.307470802019849,5,risco
Nictemeral 1,2024-10-10 04:58:00,2024-10-10,04:58,4.966666666666667,madrugada,SD05,28.2,8.62,2.1,34.4,50.7,30,-0.8158225124097034,-2.4627796777348134,5,risco
Nictemeral 1,2024-10-10 05:02:00,2024-10-10,05:02,5.033333333333333,manha,SD06,28.1,8.62,2.3,34.4,50.7,33,-1.2335001655759688,-2.6717518535278284,5,risco
Nictemeral 1,2024-10-10 05:06:00,2024-10-10,05:06,5.1,manha,SD07,28.0,8.62,2.2,34.3,50.6,33,-1.247233590831513,-2.738269253552699,5,risco
Nictemeral 1,2024-10-10 05:09:00,2024-10-10,05:09,5.15,manha,SD08,28.1,8.62,2.1,34.4,50.7,33,-1.2238732077972958,-2.7089496580462673,5,risco
Nictemeral 1,2024-10-10 05:11:00,2024-10-10,05:11,5.183333333333334,manha,SD09,28.2,8.62,2.3,34.3,50.6,33,-1.2727547104673136,-2.6302545580765053,5,risco
Nictemeral 1,2024-10-10 05:44:00,2024-10-10,05:44,5.733333333333333,manha,SD01,28.2,8.55,2.3,34.3,50.5,34,-1.281153020436697,-2.705702333492754,5,risco
Nictemeral 1,2024-10-10 05:48:00,2024-10-10,05:48,5.8,manha,SD02,28.2,8.55,1.8,34.4,50.7,34,-1.2108379545949408,-2.7997429872310797,5,risco
Nictemeral 1,2024-10-10 05:51:00,2024-10-10,05:51,5.85,manha,SD03,28.1,8.56,2.0,34.1,50.3,31,-0.9197835507536118,-2.5994734621416007,5,risco
Nictemeral 1,2024-10-10 05:54:00,2024-10-10,05:54,5.9,manha,SD04,28.0,8.6,2.5,34.2,50.6,33,-1.248263619906608,-2.6324182714411397,5,risco
Nictemeral 1,2024-10-10 05:57:00,2024-10-10,05:57,5.95,manha,SD05,28.2,8.59,2.4,34.4,50.7,31,-0.9233133022287108,-2.419288559880623,5,risco
Nictemeral 1,2024-10-10 06:00:00,2024-10-10,06:00,6.0,manha,SD06,27.9,8.59,2.3,34.4,50.7,31,-0.8911850000463029,-2.558883888612322,5,risco
Nictemeral 1,2024-10-10 06:03:00,2024-10-10,06:03,6.05,manha,SD07,28.0,8.59,2.3,34.4,50.7,31,-0.9011565104372264,-2.515515508672506,5,risco
Nictemeral 1,2024-10-10 06:07:00,2024-10-10,06:07,6.116666666666666,manha,SD08,28.1,8.59,2.0,34.4,50.7,30,-0.7558685836357082,-2.4655227665053325,5,risco
Nictemeral 1,2024-10-10 06:09:00,2024-10-10,06:09,6.15,manha,SD09,28.1,8.57,1.9,34.3,50.6,31,-0.8718780396623271,-2.5760854622951226,5,risco
Nictemeral 1,2024-10-10 06:44:00,2024-10-10,06:44,6.733333333333333,manha,SD01,28.2,8.61,2.5,34.4,50.7,29,-0.7118248994350458,-2.191916179490097,5,risco
Nictemeral 1,2024-10-10 06:46:00,2024-10-10,06:46,6.766666666666667,manha,SD02,28.2,8.58,5.1,34.4,50.7,30,-0.9372131313761969,-1.6954673963028317,5,risco
Nictemeral 1,2024-10-10 06:48:00,2024-10-10,06:48,6.8,manha,SD03,27.9,8.58,2.3,34.4,50.7,31,-0.8838258611922057,-2.5121735552068936,5,risco
Nictemeral 1,2024-10-10 06:51:00,2024-10-10,06:51,6.85,manha,SD04,28.2,8.61,2.5,34.5,50.8,30,-0.8244313334095213,-2.248715517334341,5,risco
Nictemeral 1,2024-10-10 06:54:00,2024-10-10,06:54,6.9,manha,SD05,28.2,8.6,2.4,34.4,50.6,31,-0.9774572565975359,-2.3585993661989395,5,risco
Nictemeral 1,2024-10-10 06:57:00,2024-10-10,06:57,6.95,manha,SD06,28.0,8.61,2.7,34.4,50.7,31,-0.985287773381665,-2.358795979516759,5,risco
Nictemeral 1,2024-10-10 07:00:00,2024-10-10,07:00,7.0,manha,SD07,28.0,8.59,2.5,34.3,20.6,31,-5.3590387861352875,-3.9539971396091853,5,risco
Nictemeral 1,2024-10-10 07:03:00,2024-10-10,07:03,7.05,manha,SD08,28.2,8.6,3.0,34.5,50.8,30,-0.8354814012639386,-2.128835519329156,5,risco
Nictemeral 1,2024-10-10 07:06:00,2024-10-10,07:06,7.1,manha,SD09,28.2,8.6,2.7,34.5,50.8,28,-0.5429202153843046,-2.0474665347450034,5,risco
Nictemeral 1,2024-10-10 07:44:00,2024-10-10,07:44,7.733333333333333,manha,SD01,28.0,8.61,2.6,34.4,50.7,31,-0.9937786818766702,-2.3307797017062035,5,risco
Nictemeral 1,2024-10-10 07:46:00,2024-10-10,07:46,7.766666666666667,manha,SD02,28.4,8.6,2.7,34.4,50.7,30,-0.8765369035880585,-2.077798477349459,5,risco
Nictemeral 1,2024-10-10 07:49:00,2024-10-10,07:49,7.816666666666666,manha,SD03,28.4,8.6,2.8,34.4,50.7,30,-0.8833383943854002,-2.052234088413147,5,risco
Nictemeral 1,2024-10-10 07:53:00,2024-10-10,07:53,7.883333333333333,manha,SD04,28.6,8.61,3.5,34.5,50.8,30,-0.9384492426635702,-1.798165841513208,5,risco
Nictemeral 1,2024-10-10 07:57:00,2024-10-10,07:57,7.95,manha,SD05,28.4,8.62,3.3,34.4,50.7,32,-1.2351114861384527,-2.0676620151068597,5,risco
Nictemeral 1,2024-10-10 08:00:00,2024-10-10,08:00,8.0,manha,SD06,28.4,8.61,3.3,34.5,50.8,31,-1.0486277966770177,-1.988272121588576,5,risco
Nictemeral 1,2024-10-10 08:02:00,2024-10-10,08:02,8.033333333333333,manha,SD07,28.4,8.62,3.4,34.5,50.9,30,-0.924579060003577,-1.8813309705474057,5,risco
Nictemeral 1,2024-10-10 08:05:00,2024-10-10,08:05,8.083333333333334,manha,SD08,28.6,8.63,3.5,34.5,50.8,30,-0.9861991028432379,-1.77585226815083,5,risco
Nictemeral 1,2024-10-10 08:07:00,2024-10-10,08:07,8.116666666666667,manha,SD09,28.6,8.62,3.7,34.5,50.8,31,-1.1144522949786653,-1.8063384459764409,5,risco
Nictemeral 1,2024-10-10 08:44:00,2024-10-10,08:44,8.733333333333333,manha,SD01,28.8,8.65,3.6,34.4,50.8,30,-1.078975907931875,-1.6251293973604428,5,risco
Nictemeral 1,2024-10-10 08:46:00,2024-10-10,08:46,8.766666666666667,manha,SD02,28.6,8.62,3.0,34.5,50.8,30,-0.9472792938892038,-1.8483909727474646,5,risco
Nictemeral 1,2024-10-10 08:51:00,2024-10-10,08:51,8.85,manha,SD03,29.1,8.64,4.0,34.5,50.8,30,-1.096997518732864,-1.4093155037396288,5,risco
Nictemeral 1,2024-10-10 08:54:00,2024-10-10,08:54,8.9,manha,SD04,29.2,8.65,4.4,34.5,50.8,30,-1.1525446586577408,-1.271821821402249,5,risco
Nictemeral 1,2024-10-10 08:57:00,2024-10-10,08:57,8.95,manha,SD05,29.0,8.65,4.2,34.5,50.8,33,-1.5373267100455732,-1.611417346191206,5,risco
Nictemeral 1,2024-10-10 08:59:00,2024-10-10,08:59,8.983333333333333,manha,SD06,29.3,8.66,4.3,34.5,50.0,31,-1.434563421020589,-1.3574930373898944,5,risco
Nictemeral 1,2024-10-10 09:03:00,2024-10-10,09:03,9.05,manha,SD07,29.3,8.66,4.3,34.6,51.0,30,-1.1383884287125552,-1.2262255661333186,5,risco
Nictemeral 1,2024-10-10 09:07:00,2024-10-10,09:07,9.116666666666667,manha,SD08,29.5,8.66,5.1,34.7,51.1,28,-0.9015164923380025,-0.8093320855996042,5,risco
Nictemeral 1,2024-10-10 09:09:00,2024-10-10,09:09,9.15,manha,SD09,29.5,8.66,5.0,34.6,51.0,29,-1.0616056327141217,-0.910440568046266,5,risco
Nictemeral 1,2024-10-10 09:46:00,2024-10-10,09:46,9.766666666666667,manha,SD01,29.1,8.66,4.3,34.5,50.6,30,-1.2048922368249468,-1.2841136563430646,5,risco
Nictemeral 1,2024-10-10 09:50:00,2024-10-10,09:50,9.833333333333334,manha,SD02,29.1,8.67,4.8,34.6,51.0,30,-1.1861149275543508,-1.1396919679322046,5,risco
Nictemeral 1,2024-10-10 09:52:00,2024-10-10,09:52,9.866666666666667,manha,SD03,29.9,8.68,5.8,34.5,50.9,28,-1.0916587228334311,-0.451195798920011,1,estavel
Nictemeral 1,2024-10-10 09:55:00,2024-10-10,09:55,9.916666666666666,manha,SD04,29.9,8.68,5.6,34.5,50.8,29,-1.233392594771056,-0.5704013255464301,1,estavel
Nictemeral 1,2024-10-10 09:58:00,2024-10-10,09:58,9.966666666666667,manha,SD05,30.0,8.69,5.9,34.3,50.8,28,-1.1706966823663272,-0.3890175792872394,1,estavel
Nictemeral 1,2024-10-10 10:02:00,2024-10-10,10:02,10.033333333333333,manha,SD06,30.1,8.69,5.9,34.4,50.7,28,-1.1828676481593556,-0.34651656767698996,1,estavel
Nictemeral 1,2024-10-10 10:05:00,2024-10-10,10:05,10.083333333333334,manha,SD07,30.2,8.7,6.1,34.7,51.0,30,-1.4201299439663837,-0.37402248108210506,1,estavel
Nictemeral 1,2024-10-10 10:09:00,2024-10-10,10:09,10.15,manha,SD08,30.4,8.7,6.2,34.6,51.0,29,-1.3202089405419917,-0.1976588946707336,1,estavel
Nictemeral 1,2024-10-10 10:12:00,2024-10-10,10:12,10.2,manha,SD09,30.4,8.69,6.3,34.5,50.9,28,-1.194505091091037,-0.11252098121718104,1,estavel
Nictemeral 1,2024-10-10 10:44:00,2024-10-10,10:44,10.733333333333333,manha,SD01,30.2,8.71,5.6,34.5,50.9,33,-1.878643573536703,-0.6685360419811671,1,estavel
Nictemeral 1,2024-10-10 10:46:00,2024-10-10,10:46,10.766666666666667,manha,SD02,29.9,8.71,5.7,34.5,50.9,30,-1.444236983071392,-0.546699699124041,1,estavel
Nictemeral 1,2024-10-10 10:48:00,2024-10-10,10:48,10.8,manha,SD03,30.4,8.71,6.4,34.5,50.9,29,-1.393392694429718,-0.1147405345717268,1,estavel
Nictemeral 1,2024-10-10 10:53:00,2024-10-10,10:53,10.883333333333333,manha,SD04,30.7,8.72,6.9,34.6,51.0,28,-1.3081820187886288,0.20845516342207238,1,estavel
Nictemeral 1,2024-10-10 10:56:00,2024-10-10,10:56,10.933333333333334,manha,SD05,30.7,8.71,6.7,34.6,51.0,33,-1.9648590501862484,-0.2007631795422834,1,estavel
Nictemeral 1,2024-10-10 11:01:00,2024-10-10,11:01,11.016666666666667,manha,SD06,30.9,8.72,6.7,34.5,50.9,31,-1.758157122424566,0.026531100549700187,1,estavel
Nictemeral 1,2024-10-10 11:05:00,2024-10-10,11:05,11.083333333333334,manha,SD07,31.1,8.72,6.8,34.5,50.9,28,-1.3696320600978613,0.35127836975171983,1,estavel
Nictemeral 1,2024-10-10 11:09:00,2024-10-10,11:09,11.15,manha,SD08,31.1,8.72,6.6,34.8,51.3,30,-1.5378998309226015,0.1956851004302842,1,estavel
Nictemeral 1,2024-10-10 11:13:00,2024-10-10,11:13,11.216666666666667,manha,SD09,30.9,8.73,6.8,34.6,50.9,30,-1.6390604730258536,0.1422494032757392,1,estavel
Nictemeral 2,2024-12-09 11:03:00,2024-12-09,11:03,11.05,manha,SD01,31.0,8.41,9.0,38.7,56.3,25,0.9364252938193902,1.28200614577868,2,atencao
Nictemeral 2,2024-12-09 11:06:00,2024-12-09,11:06,11.1,manha,SD02,30.9,8.43,8.0,38.9,56.5,25,1.0142173935144196,1.0476276988728461,2,atencao
Nictemeral 2,2024-12-09 11:09:00,2024-12-09,11:09,11.15,manha,SD03,30.9,8.43,8.1,39.0,56.7,24,1.1874480709621038,1.1592141210755047,2,atencao
Nictemeral 2,2024-12-09 11:13:00,2024-12-09,11:13,11.216666666666667,manha,SD04,31.0,8.42,8.0,39.0,56.6,24,1.190423724599085,1.1714575856658838,2,atencao
Nictemeral 2,2024-12-09 11:16:00,2024-12-09,11:16,11.266666666666667,manha,SD05,31.5,8.43,8.3,39.0,56.6,25,0.9666312211215923,1.374614483124858,2,atencao
Nictemeral 2,2024-12-09 11:19:00,2024-12-09,11:19,11.316666666666666,manha,SD06,31.4,8.45,8.0,39.0,56.6,25,0.9483397997673363,1.280081349743294,2,atencao
Nictemeral 2,2024-12-09 11:22:00,2024-12-09,11:22,11.366666666666667,manha,SD07,31.4,8.45,8.3,39.1,56.7,25,0.9572183618757328,1.3586456010407224,2,atencao
Nictemeral 2,2024-12-09 11:24:00,2024-12-09,11:24,11.4,manha,SD08,31.7,8.47,8.1,39.1,56.5,24,1.0057048665912756,1.5083662125200379,2,atencao
Nictemeral 2,2024-12-09 11:25:00,2024-12-09,11:25,11.416666666666666,manha,SD09,31.6,8.47,8.0,36.9,56.8,25,0.6453380873622375,1.319713349375758,2,atencao
Nictemeral 2,2024-12-09 12:02:00,2024-12-09,12:02,12.033333333333333,tarde,SD01,31.6,8.44,6.3,39.1,56.0,23,1.2397267388580329,1.139462808811328,2,atencao
Nictemeral 2,2024-12-09 12:04:00,2024-12-09,12:04,12.066666666666666,tarde,SD02,31.7,8.44,6.2,38.4,56.4,23,1.2051879442041729,1.157623278892306,2,atencao
Nictemeral 2,2024-12-09 12:07:00,2024-12-09,12:07,12.116666666666667,tarde,SD03,31.7,8.46,6.5,38.8,56.8,23,1.2523306617190837,1.27054403702721,2,atencao
Nictemeral 2,2024-12-09 12:10:00,2024-12-09,12:10,12.166666666666666,tarde,SD04,31.8,8.47,8.6,39.1,56.1,24,0.8944790506067318,1.6890822181944212,2,atencao
Nictemeral 2,2024-12-09 12:13:00,2024-12-09,12:13,12.216666666666667,tarde,SD05,31.9,8.49,8.6,39.1,56.8,23,1.08103673953079,1.8503453187334546,2,atencao
Nictemeral 2,2024-12-09 12:15:00,2024-12-09,12:15,12.25,tarde,SD06,31.7,8.47,8.5,39.2,56.8,23,1.161273777199703,1.7435585946754995,2,atencao
Nictemeral 2,2024-12-09 12:18:00,2024-12-09,12:18,12.3,tarde,SD07,31.9,8.49,8.6,38.9,56.6,24,0.88669816177199,1.7665004607249903,2,atencao
Nictemeral 2,2024-12-09 12:25:00,2024-12-09,12:25,12.416666666666666,tarde,SD08,32.2,8.49,8.9,38.8,56.5,24,0.8122955394661708,1.953210256170949,2,atencao
Nictemeral 2,2024-12-09 12:47:00,2024-12-09,12:47,12.783333333333333,tarde,SD09,32.1,8.49,8.5,39.0,56.5,23,1.0016244213980914,1.9261971923990975,2,atencao
Nictemeral 2,2024-12-09 13:00:00,2024-12-09,13:00,13.0,tarde,SD01,32.2,8.51,8.8,39.0,56.7,23,0.9562044602813948,2.0670243119885368,2,atencao
Nictemeral 2,2024-12-09 13:01:00,2024-12-09,13:01,13.016666666666667,tarde,SD02,32.4,8.52,8.4,39.1,56.8,22,1.1046480158574616,2.1446340763240794,2,atencao
Nictemeral 2,2024-12-09 13:03:00,2024-12-09,13:03,13.05,tarde,SD03,32.1,8.52,8.9,39.0,56.6,23,0.9217463167418859,2.052042394580099,2,atencao
Nictemeral 2,2024-12-09 13:05:00,2024-12-09,13:05,13.083333333333334,tarde,SD04,32.1,8.53,8.5,39.2,56.9,22,1.1301106807850105,2.0638373299599992,2,atencao
Nictemeral 2,2024-12-09 13:07:00,2024-12-09,13:07,13.116666666666667,tarde,SD05,32.1,8.52,8.7,39.4,56.8,23,1.0127410508178591,2.03459306188669,2,atencao
Nictemeral 2,2024-12-09 13:09:00,2024-12-09,13:09,13.15,tarde,SD06,32.2,8.51,8.9,39.2,56.9,23,1.0024637747396508,2.1156199099307043,2,atencao
Nictemeral 2,2024-12-09 13:13:00,2024-12-09,13:13,13.216666666666667,tarde,SD07,32.3,8.52,8.8,39.2,56.9,23,0.9760305210279316,2.1424374609455192,2,atencao
Nictemeral 2,2024-12-09 13:15:00,2024-12-09,13:15,13.25,tarde,SD08,32.2,8.54,8.8,39.1,56.8,22,1.0508586052136655,2.178181992212326,2,atencao
Nictemeral 2,2024-12-09 13:18:00,2024-12-09,13:18,13.3,tarde,SD09,32.0,8.52,8.7,39.1,56.8,22,1.1180126253121914,2.0692859900725007,2,atencao
Nictemeral 2,2024-12-09 14:05:00,2024-12-09,14:05,14.083333333333334,tarde,SD01,32.6,8.53,9.8,38.9,56.6,23,0.7697413761349648,2.5219422766594937,2,atencao
Nictemeral 2,2024-12-09 14:09:00,2024-12-09,14:09,14.15,tarde,SD02,32.3,8.56,9.8,39.2,56.9,23,0.8119041967234899,2.4448517237032714,2,atencao
Nictemeral 2,2024-12-09 14:13:00,2024-12-09,14:13,14.216666666666667,tarde,SD03,32.5,8.56,9.5,39.2,57.0,23,0.824895489433539,2.467516483199838,2,atencao
Nictemeral 2,2024-12-09 14:15:00,2024-12-09,14:15,14.25,tarde,SD04,32.4,8.56,9.4,39.2,57.0,22,0.9771351513939148,2.479758016690129,2,atencao
Nictemeral 2,2024-12-09 14:17:00,2024-12-09,14:17,14.283333333333333,tarde,SD05,32.5,8.55,9.5,39.2,57.0,23,0.8457119396649014,2.467075829868023,2,atencao
Nictemeral 2,2024-12-09 14:19:00,2024-12-09,14:19,14.316666666666666,tarde,SD06,32.3,8.55,9.6,39.2,56.9,23,0.8426534527193724,2.4061416525180794,2,atencao
Nictemeral 2,2024-12-09 14:24:00,2024-12-09,14:24,14.4,tarde,SD07,32.2,8.57,9.6,39.2,56.9,22,0.9440119395329055,2.453401788287815,2,atencao
Nictemeral 2,2024-12-09 14:26:00,2024-12-09,14:26,14.433333333333334,tarde,SD08,32.2,8.56,9.2,39.4,57.0,22,1.029200989265045,2.3729013684750453,2,atencao
Nictemeral 2,2024-12-09 14:28:00,2024-12-09,14:28,14.466666666666667,tarde,SD09,32.3,8.56,9.3,39.4,57.2,23,0.9050794893628813,2.3751860344871214,2,atencao
Nictemeral 2,2024-12-09 15:02:00,2024-12-09,15:02,15.033333333333333,tarde,SD01,32.1,8.54,9.6,39.4,57.1,22,1.0624591021990386,2.456389764061967,2,atencao
Nictemeral 2,2024-12-09 15:05:00,2024-12-09,15:05,15.083333333333334,tarde,SD02,32.1,8.58,9.3,39.3,57.0,22,0.9635860834765553,2.403163619460422,2,atencao
Nictemeral 2,2024-12-09 15:07:00,2024-12-09,15:07,15.116666666666667,tarde,SD03,32.3,8.54,9.5,39.1,56.9,22,0.9810328134876202,2.4999229412621227,2,atencao
Nictemeral 2,2024-12-09 15:08:00,2024-12-09,15:08,15.133333333333333,tarde,SD04,32.1,8.58,9.7,39.3,57.0,22,0.9391327521598112,2.4957766551912344,2,atencao
Nictemeral 2,2024-12-09 15:10:00,2024-12-09,15:10,15.166666666666666,tarde,SD05,32.2,8.59,9.6,39.3,57.1,23,0.7900685267616987,2.4529694569305667,2,atencao
Nictemeral 2,2024-12-09 15:12:00,2024-12-09,15:12,15.2,tarde,SD06,32.4,8.58,9.8,39.3,57.1,22,0.9195342910772748,2.6479931503488037,2,atencao
Nictemeral 2,2024-12-09 15:15:00,2024-12-09,15:15,15.25,tarde,SD07,32.3,8.58,9.8,39.3,57.0,23,0.7750864918934308,2.5333331816503812,2,atencao
Nictemeral 2,2024-12-09 15:17:00,2024-12-09,15:17,15.283333333333333,tarde,SD08,32.2,8.57,9.3,39.3,57.0,22,0.9729017833877595,2.4514494127431097,2,atencao
Nictemeral 2,2024-12-09 15:18:00,2024-12-09,15:18,15.3,tarde,SD09,32.2,8.55,9.1,39.4,57.2,22,1.0705622370171548,2.4117883524513437,2,atencao
Nictemeral 2,2024-12-09 16:14:00,2024-12-09,16:14,16.233333333333334,tarde,SD01,32.2,8.61,9.4,39.5,57.2,22,0.9163210258263625,2.5703908774485282,2,atencao
Nictemeral 2,2024-12-09 16:16:00,2024-12-09,16:16,16.266666666666666,tarde,SD02,32.2,8.61,9.4,39.4,57.1,22,0.8882613832693286,2.564233339620287,2,atencao
Nictemeral 2,2024-12-09 16:19:00,2024-12-09,16:19,16.316666666666666,tarde,SD03,31.9,8.61,9.7,39.4,57.2,21,1.0494381197522191,2.591757475382818,2,atencao
Nictemeral 2,2024-12-09 16:20:00,2024-12-09,16:20,16.333333333333332,tarde,SD04,32.1,8.61,9.3,39.3,57.0,21,1.0124414026726705,2.570317335282337,2,atencao
Nictemeral 2,2024-12-09 16:23:00,2024-12-09,16:23,16.383333333333333,tarde,SD05,32.1,8.61,9.6,39.4,57.2,21,1.035990741781867,2.654001459661075,2,atencao
Nictemeral 2,2024-12-09 16:25:00,2024-12-09,16:25,16.416666666666668,tarde,SD06,31.8,8.59,9.3,39.4,57.1,21,1.109601692978424,2.454061333307,2,atencao
Nictemeral 2,2024-12-09 16:27:00,2024-12-09,16:27,16.45,tarde,SD07,32.0,8.59,9.3,39.8,57.3,22,1.0334188518208383,2.486873555989803,2,atencao
Nictemeral 2,2024-12-09 16:29:00,2024-12-09,16:29,16.483333333333334,tarde,SD08,31.6,8.58,9.0,39.5,57.3,22,1.0703831955232066,2.2470841952031826,2,atencao
Nictemeral 2,2024-12-09 16:31:00,2024-12-09,16:31,16.516666666666666,tarde,SD09,31.5,8.58,9.2,39.6,57.4,21,1.2324189635495202,2.3346751399860897,2,atencao
Nictemeral 2,2024-12-09 17:12:00,2024-12-09,17:12,17.2,tarde,SD01,31.6,8.49,8.5,39.5,57.4,22,1.2996808229043482,2.143991736985217,2,atencao
Nictemeral 2,2024-12-09 17:15:00,2024-12-09,17:15,17.25,tarde,SD02,31.8,8.52,8.4,39.5,57.2,22,1.191078212393994,2.2091056817806094,2,atencao
Nictemeral 2,2024-12-09 17:18:00,2024-12-09,17:18,17.3,tarde,SD03,31.5,8.53,9.2,39.5,57.2,22,1.148211150843444,2.2753834001039763,2,atencao
Nictemeral 2,2024-12-09 17:21:00,2024-12-09,17:21,17.35,tarde,SD04,31.2,8.53,8.9,39.5,57.4,22,1.221448900707052,2.101328719671897,2,atencao
Nictemeral 2,2024-12-09 17:22:00,2024-12-09,17:22,17.366666666666667,tarde,SD05,31.2,8.53,8.9,39.3,57.4,21,1.33350215821101,2.1686399458601433,2,atencao
Nictemeral 2,2024-12-09 17:24:00,2024-12-09,17:24,17.4,tarde,SD06,31.4,8.54,8.6,39.5,57.2,22,1.1686938682258001,2.1122893532611595,2,atencao
Nictemeral 2,2024-12-09 17:26:00,2024-12-09,17:26,17.433333333333334,tarde,SD07,31.3,8.56,8.9,39.5,57.3,22,1.1300753908193801,2.1559017732149717,2,atencao
Nictemeral 2,2024-12-09 17:24:00,2024-12-09,17:24,17.4,tarde,SD08,31.2,8.55,8.7,39.4,57.2,21,1.2840142871523559,2.128479433264333,2,atencao
Nictemeral 2,2024-12-09 17:30:00,2024-12-09,17:30,17.5,tarde,SD09,31.3,8.56,8.6,39.7,57.2,22,1.1573874015636774,2.094381489512522,2,atencao
Nictemeral 2,2024-12-09 18:02:00,2024-12-09,18:02,18.033333333333335,noite,SD01,31.2,8.52,8.0,39.7,57.7,22,1.3534711671917652,1.9611132214268039,2,atencao
Nictemeral 2,2024-12-09 18:03:00,2024-12-09,18:03,18.05,noite,SD02,31.4,8.55,8.1,39.4,57.4,22,1.1807100732190774,2.054120490083595,2,atencao
Nictemeral 2,2024-12-09 18:05:00,2024-12-09,18:05,18.083333333333332,noite,SD03,31.1,8.54,8.0,39.4,57.4,21,1.373097510220972,1.9813278370323155,2,atencao
Nictemeral 2,2024-12-09 18:07:00,2024-12-09,18:07,18.116666666666667,noite,SD04,30.8,8.55,7.9,39.6,57.4,22,1.271132712724667,1.7791483887839354,2,atencao
Nictemeral 2,2024-12-09 18:09:00,2024-12-09,18:09,18.15,noite,SD05,30.8,5.57,8.2,39.1,56.5,22,7.624819303379382,0.3776791593062634,4,anomalia
Nictemeral 2,2024-12-09 18:13:00,2024-12-09,18:13,18.216666666666665,noite,SD06,30.3,8.57,8.2,39.6,57.4,21,1.3907493767664816,1.7339146249430915,2,atencao
Nictemeral 2,2024-12-09 18:16:00,2024-12-09,18:16,18.266666666666666,noite,SD07,31.0,8.57,8.0,39.3,57.0,21,1.2412073446980456,1.9434829800542708,2,atencao
Nictemeral 2,2024-12-09 18:19:00,2024-12-09,18:19,18.316666666666666,noite,SD08,30.0,8.58,8.2,39.3,54.0,22,0.7189849745371077,1.3683910371173924,2,atencao
Nictemeral 2,2024-12-09 18:21:00,2024-12-09,18:21,18.35,noite,SD09,30.8,8.58,8.3,39.3,57.3,21,1.262106685943821,1.955669339568946,2,atencao
Nictemeral 2,2024-12-09 19:07:00,2024-12-09,19:07,19.116666666666667,noite,SD01,30.9,8.55,7.4,39.6,57.3,22,1.258476824338673,1.7667311110763684,2,atencao
Nictemeral 2,2024-12-09 19:10:00,2024-12-09,19:10,19.166666666666668,noite,SD02,31.1,8.56,7.3,38.5,56.1,22,0.9066972627398813,1.736202306130672,2,atencao
Nictemeral 2,2024-12-09 19:12:00,2024-12-09,19:12,19.2,noite,SD03,30.8,8.55,7.2,38.5,57.0,21,1.2311216927489674,1.7094885108111812,2,atencao
Nictemeral 2,2024-12-09 19:14:00,2024-12-09,19:14,19.233333333333334,noite,SD04,30.6,8.57,7.4,39.1,56.9,21,1.2547625921213785,1.699443444236702,2,atencao
Nictemeral 2,2024-12-09 19:15:00,2024-12-09,19:15,19.25,noite,SD05,30.5,8.57,7.4,39.2,56.8,20,1.3995305478115412,1.7310239316590517,2,atencao
Nictemeral 2,2024-12-09 19:19:00,2024-12-09,19:19,19.316666666666666,noite,SD06,30.4,8.57,7.5,39.3,57.0,22,1.167769009730102,1.5857242402008813,2,atencao
Nictemeral 2,2024-12-09 19:21:00,2024-12-09,19:21,19.35,noite,SD07,30.4,8.57,7.3,39.4,57.1,21,1.3442865986822359,1.6240705291927917,2,atencao
Nictemeral 2,2024-12-09 19:23:00,2024-12-09,19:23,19.383333333333333,noite,SD08,30.4,8.57,7.2,39.2,57.0,22,1.1714202887215772,1.5197811553293248,2,atencao
Nictemeral 2,2024-12-09 19:24:00,2024-12-09,19:24,19.4,noite,SD09,30.4,8.56,7.4,39.4,57.2,22,1.2362822824015582,1.5774262888519293,2,atencao
Nictemeral 2,2024-12-09 02:06:00,2024-12-09,02:06,2.1,madrugada,SD01,30.5,8.57,6.4,39.4,57.3,21,1.7340823731602397,0.364198073246752,0,risco
Nictemeral 2,2024-12-09 20:08:00,2024-12-09,20:08,20.133333333333333,noite,SD02,30.6,8.57,6.6,39.4,57.1,20,1.4909048830181566,1.6708979889712752,2,atencao
Nictemeral 2,2024-12-09 20:10:00,2024-12-09,20:10,20.166666666666668,noite,SD03,30.5,8.56,6.7,39.3,57.0,21,1.3501416575705683,1.5696079577810456,2,atencao
Nictemeral 2,2024-12-09 20:12:00,2024-12-09,20:12,20.2,noite,SD04,30.3,8.57,7.1,39.3,57.0,21,1.322062264931686,1.585569406978478,2,atencao
Nictemeral 2,2024-12-09 20:13:00,2024-12-09,20:13,20.216666666666665,noite,SD05,30.4,8.57,6.9,39.3,57.0,21,1.3244703441920584,1.582095462385418,2,atencao
Nictemeral 2,2024-12-09 20:16:00,2024-12-09,20:16,20.266666666666666,noite,SD06,30.3,8.57,6.7,39.2,56.9,20,1.4548401584210486,1.5647582957810322,2,atencao
Nictemeral 2,2024-12-09 20:18:00,2024-12-09,20:18,20.3,noite,SD07,30.3,8.56,6.7,39.1,56.9,20,1.4634911350395643,1.5589935243625368,2,atencao
Nictemeral 2,2024-12-09 20:20:00,2024-12-09,20:20,20.333333333333332,noite,SD08,30.2,8.55,6.7,39.2,56.9,21,1.3688369726016578,1.4468356001557279,2,atencao
Nictemeral 2,2024-12-09 20:22:00,2024-12-09,20:22,20.366666666666667,noite,SD09,30.2,8.55,6.8,39.3,57.0,21,1.3897892763755022,1.4796291402552184,2,atencao
Nictemeral 2,2024-12-09 21:05:00,2024-12-09,21:05,21.083333333333332,noite,SD01,29.9,8.41,5.8,39.9,57.4,20,2.0444565412980764,1.2277391476486024,2,atencao
Nictemeral 2,2024-12-09 21:08:00,2024-12-09,21:08,21.133333333333333,noite,SD02,30.0,8.47,6.1,39.6,57.4,20,1.8462626285856252,1.3569761401618896,2,atencao
Nictemeral 2,2024-12-09 21:11:00,2024-12-09,21:11,21.183333333333334,noite,SD03,29.8,8.46,5.7,39.5,57.3,20,1.8815807004434626,1.1774578334010144,2,atencao
Nictemeral 2,2024-12-09 21:13:00,2024-12-09,21:13,21.216666666666665,noite,SD04,29.9,8.48,6.2,39.4,57.2,20,1.7709676729045427,1.332655793508406,2,atencao
Nictemeral 2,2024-12-09 21:15:00,2024-12-09,21:15,21.25,noite,SD05,30.0,8.46,6.1,39.3,57.0,20,1.7691469181026274,1.3297281602592301,2,atencao
Nictemeral 2,2024-12-09 21:18:00,2024-12-09,21:18,21.3,noite,SD06,29.8,8.46,6.2,39.5,57.2,21,1.697435808683845,1.2189856026348465,2,atencao
Nictemeral 2,2024-12-09 21:20:00,2024-12-09,21:20,21.333333333333332,noite,SD07,29.8,8.48,5.7,39.6,57.2,21,1.6949413321461955,1.1220161894071548,2,atencao
Nictemeral 2,2024-12-09 21:22:00,2024-12-09,21:22,21.366666666666667,noite,SD08,29.7,8.48,6.1,39.4,57.3,20,1.8068776977392846,1.244763557802645,2,atencao
Nictemeral 2,2024-12-09 21:23:00,2024-12-09,21:23,21.383333333333333,noite,SD09,29.8,8.49,6.1,39.4,57.2,21,1.6228938194856202,1.2129945489759204,2,atencao
Nictemeral 2,2024-12-09 22:14:00,2024-12-09,22:14,22.233333333333334,noite,SD01,29.9,8.48,5.1,39.4,57.3,24,1.2800513593709428,0.86689345902671,2,atencao
Nictemeral 2,2024-12-09 22:17:00,2024-12-09,22:17,22.283333333333335,noite,SD02,30.0,8.48,5.0,39.4,57.0,25,1.0940380201585356,0.7999512751041757,2,atencao
Nictemeral 2,2024-12-09 21:21:00,2024-12-09,21:21,21.35,noite,SD03,29.9,8.49,5.2,39.2,57.0,25,1.060857398775915,0.7428518101136334,2,atencao
Nictemeral 2,2024-12-09 22:25:00,2024-12-09,22:25,22.416666666666668,noite,SD04,29.7,8.51,5.7,39.2,57.0,24,1.1238050866588578,0.9249313373671676,2,atencao
Nictemeral 2,2024-12-09 22:29:00,2024-12-09,22:29,22.483333333333334,noite,SD05,29.7,8.5,5.4,39.2,56.9,24,1.1476026004088231,0.8523221641595421,2,atencao
Nictemeral 2,2024-12-09 22:31:00,2024-12-09,22:31,22.516666666666666,noite,SD06,29.8,8.5,5.2,39.3,57.0,23,1.3150662229275734,0.9308219930864564,2,atencao
Nictemeral 2,2024-12-09 22:34:00,2024-12-09,22:34,22.566666666666666,noite,SD07,29.6,8.5,5.1,39.3,57.1,23,1.3528113356773983,0.8365000773710716,2,atencao
Nictemeral 2,2024-12-09 22:38:00,2024-12-09,22:38,22.633333333333333,noite,SD08,29.6,8.49,5.1,39.2,57.0,25,1.070352950005649,0.6825558681672999,2,atencao
Nictemeral 2,2024-12-09 22:40:00,2024-12-09,22:40,22.666666666666668,noite,SD09,29.6,8.49,5.1,39.2,56.9,25,1.0550704770331556,0.6795792217558646,2,atencao
Nictemeral 2,2024-12-10 23:02:00,2024-12-10,23:02,23.033333333333335,noite,SD01,29.8,8.52,5.0,39.4,57.4,23,1.3447334222841578,0.9524575056916886,2,atencao
Nictemeral 2,2024-12-10 23:05:00,2024-12-10,23:05,23.083333333333332,noite,SD02,29.8,8.52,4.9,39.4,57.0,24,1.153103272504334,0.8402419087528399,2,atencao
Nictemeral 2,2024-12-10 23:07:00,2024-12-10,23:07,23.116666666666667,noite,SD03,29.7,8.51,4.9,39.3,57.0,24,1.1708082155562325,0.7943235973993407,2,atencao
Nictemeral 2,2024-12-10 23:10:00,2024-12-10,23:10,23.166666666666668,noite,SD04,29.6,8.52,5.0,39.3,57.0,25,1.0131074043586368,0.711860157385294,2,atencao
Nictemeral 2,2024-12-10 23:12:00,2024-12-10,23:12,23.2,noite,SD05,29.7,8.52,4.9,39.3,57.0,23,1.285152578111134,0.8770101664325124,2,atencao
Nictemeral 2,2024-12-10 23:15:00,2024-12-10,23:15,23.25,noite,SD06,29.6,8.52,4.9,39.3,57.0,25,1.0174621112692028,0.6948686751284805,2,atencao
Nictemeral 2,2024-12-10 23:17:00,2024-12-10,23:17,23.283333333333335,noite,SD07,29.6,8.51,4.9,39.1,56.8,26,0.8460809196426936,0.6030818704436391,2,atencao
Nictemeral 2,2024-12-10 23:19:00,2024-12-10,23:19,23.316666666666666,noite,SD08,29.3,8.51,4.8,39.2,56.9,27,0.7680495717374023,0.39811429718819774,2,atencao
Nictemeral 2,2024-12-10 23:21:00,2024-12-10,23:21,23.35,noite,SD09,29.4,8.51,4.8,39.2,57.0,23,1.3247084649686705,0.7359365196220676,2,atencao
Nictemeral 2,2024-12-10 00:01:00,2024-12-10,00:01,0.016666666666666666,madrugada,SD01,29.3,8.51,4.3,39.4,57.1,27,1.2799406833211049,-1.1951473607154939,0,risco
Nictemeral 2,2024-12-10 00:04:00,2024-12-10,00:04,0.06666666666666667,madrugada,SD02,29.6,8.5,4.2,39.3,57.9,24,1.798114409476481,-0.8429662762142998,0,risco
Nictemeral 2,2024-12-10 00:06:00,2024-12-10,00:06,0.1,madrugada,SD03,29.5,8.49,4.3,39.2,57.0,26,1.402071523363612,-1.0578166877419297,0,risco
Nictemeral 2,2024-12-10 00:08:00,2024-12-10,00:08,0.13333333333333333,madrugada,SD04,29.4,8.5,4.4,39.3,57.0,25,1.5332806190541752,-0.9929680583002685,0,risco
Nictemeral 2,2024-12-10 00:10:00,2024-12-10,00:10,0.16666666666666666,madrugada,SD05,29.4,8.49,4.4,39.2,56.9,23,1.803087707989665,-0.8586499114262325,0,risco
Nictemeral 2,2024-12-10 00:12:00,2024-12-10,00:12,0.2,madrugada,SD06,29.3,8.5,4.4,39.2,56.9,25,1.5136632469588307,-1.0371359093936372,0,risco
Nictemeral 2,2024-12-10 00:15:00,2024-12-10,00:15,0.25,madrugada,SD07,29.3,8.5,4.2,39.1,56.8,25,1.4970656500955515,-1.086920931749941,0,risco
Nictemeral 2,2024-12-10 00:17:00,2024-12-10,00:17,0.2833333333333333,madrugada,SD08,29.1,8.45,4.2,39.3,57.0,24,1.8175704356939433,-1.0995173936247444,0,risco
Nictemeral 2,2024-12-10 00:18:00,2024-12-10,00:18,0.3,madrugada,SD09,29.2,8.48,4.2,39.2,57.0,24,1.7293139251659198,-1.0472918117569154,0,risco
Nictemeral 2,2024-12-10 01:01:00,2024-12-10,01:01,1.0166666666666666,madrugada,SD01,29.3,8.5,3.6,39.4,57.2,25,1.6153149405422165,-1.1417018453561667,0,risco
Nictemeral 2,2024-12-10 01:03:00,2024-12-10,01:03,1.05,madrugada,SD02,29.4,8.49,3.6,39.3,57.0,27,1.3097435074079784,-1.2627556143761207,0,risco
Nictemeral 2,2024-12-10 01:07:00,2024-12-10,01:07,1.1166666666666667,madrugada,SD03,29.3,8.48,3.6,39.2,57.0,26,1.4647501991470697,-1.2339293033728231,0,risco
Nictemeral 2,2024-12-10 01:10:00,2024-12-10,01:10,1.1666666666666667,madrugada,SD04,29.2,8.48,3.8,39.2,57.0,24,1.7369456172610827,-1.080966114066174,0,risco
Nictemeral 2,2024-12-10 01:12:00,2024-12-10,01:12,1.2,madrugada,SD05,29.3,8.5,3.9,39.2,57.0,24,1.6773163236667046,-1.006865585186666,0,risco
Nictemeral 2,2024-12-10 01:14:00,2024-12-10,01:14,1.2333333333333334,madrugada,SD06,29.2,8.49,3.9,39.2,56.9,22,1.968954548620116,-0.9095200868308289,0,risco
Nictemeral 2,2024-12-10 00:00:00,2024-12-10,00:00,0.0,madrugada,SD07,29.1,8.49,3.9,39.2,56.9,23,1.8627278213472858,-1.1015744092381163,0,risco
Nictemeral 2,2024-12-10 00:00:00,2024-12-10,00:00,0.0,madrugada,SD08,29.1,8.49,3.8,39.3,57.0,24,1.7581462701135397,-1.1882245893584216,0,risco
Nictemeral 2,2024-12-10 00:00:00,2024-12-10,00:00,0.0,madrugada,SD09,29.1,8.49,3.7,39.3,57.0,24,1.7640302169533404,-1.2105741382899218,0,risco
Nictemeral 2,2024-12-10 02:01:00,2024-12-10,02:01,2.0166666666666666,madrugada,SD01,29.1,8.47,3.0,39.3,57.1,26,1.5511338105769947,-1.386892898918663,0,risco
Nictemeral 2,2024-12-10 02:03:00,2024-12-10,02:03,2.05,madrugada,SD02,29.2,8.47,3.0,39.2,56.9,26,1.4993494245857795,-1.358016769893211,0,risco
Nictemeral 2,2024-12-10 02:06:00,2024-12-10,02:06,2.1,madrugada,SD03,29.1,8.47,2.9,39.2,56.9,25,1.6512832385603082,-1.3447036230679814,0,risco
Nictemeral 2,2024-12-10 02:08:00,2024-12-10,02:08,2.1333333333333333,madrugada,SD04,29.1,8.47,3.0,39.2,56.9,26,1.5068741510899273,-1.3928122431535273,0,risco
Nictemeral 2,2024-12-10 02:11:00,2024-12-10,02:11,2.183333333333333,madrugada,SD05,29.1,8.47,3.1,39.2,57.0,24,1.7905703266111577,-1.2169251897620634,0,risco
Nictemeral 2,2024-12-10 02:14:00,2024-12-10,02:14,2.2333333333333334,madrugada,SD06,29.1,8.46,3.1,39.3,56.9,25,1.6718855727532205,-1.2929778337802413,0,risco
Nictemeral 2,2024-12-10 02:16:00,2024-12-10,02:16,2.2666666666666666,madrugada,SD07,28.9,8.46,3.6,39.2,56.9,23,1.923011795182521,-1.117372042365838,0,risco
Nictemeral 2,2024-12-10 02:19:00,2024-12-10,02:19,2.3166666666666664,madrugada,SD08,28.9,8.44,2.9,39.2,56.9,23,2.00736156345309,-1.2800582582246567,0,risco
Nictemeral 2,2024-12-10 02:21:00,2024-12-10,02:21,2.35,madrugada,SD09,28.9,8.44,3.0,39.2,56.9,24,1.8629524759827094,-1.3281668783102025,0,risco
Nictemeral 2,2024-12-10 03:01:00,2024-12-10,03:01,3.0166666666666666,madrugada,SD01,29.1,8.45,2.3,39.4,57.2,25,1.783411634898515,-1.4075949945010164,0,risco
Nictemeral 2,2024-12-10 03:03:00,2024-12-10,03:03,3.05,madrugada,SD02,29.1,8.45,2.4,39.3,57.0,23,2.010624157818653,-1.251320065105226,0,risco
Nictemeral 2,2024-12-10 03:06:00,2024-12-10,03:06,3.1,madrugada,SD03,28.9,8.44,2.7,39.3,57.0,25,1.7563756590654525,-1.4112935562213273,0,risco
Nictemeral 2,2024-12-10 03:08:00,2024-12-10,03:08,3.1333333333333333,madrugada,SD04,28.9,8.44,2.4,39.4,57.0,24,1.924106417856588,-1.4004166892422267,0,risco
Nictemeral 2,2024-12-10 03:10:00,2024-12-10,03:10,3.1666666666666665,madrugada,SD05,28.9,8.45,2.4,39.2,56.9,25,1.7233163188813778,-1.4776294075026293,0,risco
Nictemeral 2,2024-12-10 03:13:00,2024-12-10,03:13,3.216666666666667,madrugada,SD06,28.9,8.44,2.6,39.3,57.0,23,2.035945559322097,-1.2809390204344244,0,risco
Nictemeral 2,2024-12-10 03:15:00,2024-12-10,03:15,3.25,madrugada,SD07,28.7,8.44,3.0,39.2,57.0,25,1.7413019499556532,-1.418088360699203,0,risco
Nictemeral 2,2024-12-10 03:18:00,2024-12-10,03:18,3.3,madrugada,SD08,28.8,8.44,2.3,39.3,57.0,26,1.6473817923689889,-1.600587327550003,0,risco
Nictemeral 2,2024-12-10 03:20:00,2024-12-10,03:20,3.3333333333333335,madrugada,SD09,28.8,8.43,2.3,39.2,57.0,26,1.6560327689875056,-1.6063520989684983,0,risco
Nictemeral 2,2024-12-10 04:02:00,2024-12-10,04:02,4.033333333333333,madrugada,SD01,28.7,8.43,1.8,39.4,57.3,24,2.0270544137035715,-1.546321430042252,0,risco
Nictemeral 2,2024-12-10 04:04:00,2024-12-10,04:04,4.066666666666666,madrugada,SD02,28.8,8.42,1.8,39.3,57.0,24,1.9826390928863071,-1.527292280769673,0,risco
Nictemeral 2,2024-12-10 04:07:00,2024-12-10,04:07,4.116666666666666,madrugada,SD03,28.6,8.42,2.1,39.2,57.0,22,2.245227361009361,-1.3953139738833313,0,risco
Nictemeral 2,2024-12-10 04:09:00,2024-12-10,04:09,4.15,madrugada,SD04,28.7,8.42,1.7,39.2,57.0,22,2.2590974859634882,-1.4424154030044547,0,risco
Nictemeral 2,2024-12-10 04:12:00,2024-12-10,04:12,4.2,madrugada,SD05,28.8,8.43,1.9,39.2,56.9,25,1.786907128740755,-1.5725448786721457,0,risco
Nictemeral 2,2024-12-10 04:14:00,2024-12-10,04:14,4.233333333333333,madrugada,SD06,28.7,8.42,2.1,39.2,57.0,23,2.096119014016164,-1.4202605362906877,0,risco
Nictemeral 2,2024-12-10 04:18:00,2024-12-10,04:18,4.3,madrugada,SD07,28.6,8.42,2.3,39.2,56.9,24,1.9395974731668715,-1.4891497937911713,0,risco
Nictemeral 2,2024-12-10 04:21:00,2024-12-10,04:21,4.35,madrugada,SD08,28.6,8.41,1.8,39.3,57.0,23,2.15550089682731,-1.5215076449303888,0,risco
Nictemeral 2,2024-12-10 04:24:00,2024-12-10,04:24,4.4,madrugada,SD09,28.7,8.41,1.8,39.2,56.9,23,2.1180814398510477,-1.4864400294886897,0,risco
Nictemeral 2,2024-12-10 05:33:00,2024-12-10,05:33,5.55,manha,SD01,28.5,8.41,1.3,35.5,52.2,25,0.7063969129100413,-2.108083342522737,0,risco
Nictemeral 2,2024-12-10 05:30:00,2024-12-10,05:30,5.5,manha,SD02,28.6,8.41,1.4,39.2,57.0,24,2.0072425589196494,-1.612746807649438,0,risco
Nictemeral 2,2024-12-10 05:39:00,2024-12-10,05:39,5.65,manha,SD03,28.4,8.4,2.4,39.3,57.0,24,1.9985754032750738,-1.461460093444767,0,risco
Nictemeral 2,2024-12-10 05:42:00,2024-12-10,05:42,5.7,manha,SD04,28.4,8.39,1.4,39.3,57.0,24,2.078537169890291,-1.6864678494265213,0,risco
Nictemeral 2,2024-12-10 05:45:00,2024-12-10,05:45,5.75,manha,SD05,28.5,8.39,1.2,39.2,56.8,23,2.1761282742517167,-1.6286178092422106,0,risco
Nictemeral 2,2024-12-10 05:48:00,2024-12-10,05:48,5.8,manha,SD06,28.4,8.39,2.0,39.2,56.9,26,1.7381235650332931,-1.699444431699853,0,risco
Nictemeral 2,2024-12-10 05:52:00,2024-12-10,05:52,5.866666666666667,manha,SD07,28.4,8.38,2.0,39.2,56.9,25,1.8968534599235416,-1.6272836893447473,0,risco
Nictemeral 2,2024-12-10 05:54:00,2024-12-10,05:54,5.9,manha,SD08,28.5,8.39,1.6,39.2,57.0,26,1.7654410750448317,-1.7371395343999152,0,risco
Nictemeral 2,2024-12-10 05:56:00,2024-12-10,05:56,5.933333333333334,manha,SD09,28.5,8.39,1.5,39.2,57.0,26,1.7707133259129388,-1.7573458566615408,0,risco
Nictemeral 2,2024-12-10 06:17:00,2024-12-10,06:17,6.283333333333333,manha,SD01,28.6,8.37,1.2,39.5,57.3,25,2.0372253610605817,-1.673687607649215,0,risco
Nictemeral 2,2024-12-10 06:20:00,2024-12-10,06:20,6.333333333333333,manha,SD02,28.5,8.39,1.3,39.3,57.0,23,2.2016583714934117,-1.5553411560084773,0,risco
Nictemeral 2,2024-12-10 06:21:00,2024-12-10,06:21,6.35,manha,SD03,28.4,8.38,1.8,39.2,57.0,25,1.9144225390143819,-1.6357861274132544,0,risco
Nictemeral 2,2024-12-10 06:23:00,2024-12-10,06:23,6.383333333333334,manha,SD04,28.4,8.38,1.5,39.2,57.0,23,2.207289572879863,-1.555488756164039,0,risco
Nictemeral 2,2024-12-10 06:25:00,2024-12-10,06:25,6.416666666666667,manha,SD05,28.6,8.37,1.3,39.1,56.8,24,2.0423455116507334,-1.6084866874250678,0,risco
Nictemeral 2,2024-12-10 06:28:00,2024-12-10,06:28,6.466666666666667,manha,SD06,28.4,8.38,1.8,39.2,57.0,26,1.7743681584545672,-1.7008862297556135,0,risco
Nictemeral 2,2024-12-10 06:30:00,2024-12-10,06:30,6.5,manha,SD07,28.6,8.36,1.7,39.3,57.0,24,2.0942162197077248,-1.5018560026997134,0,risco
Nictemeral 2,2024-12-10 06:32:00,2024-12-10,06:32,6.533333333333333,manha,SD08,28.5,8.37,1.5,39.3,57.1,22,2.382884207992837,-1.4295156427011277,0,risco
Nictemeral 2,2024-12-10 06:35:00,2024-12-10,06:35,6.583333333333333,manha,SD09,28.5,8.37,1.6,39.2,57.0,23,2.21072132595127,-1.4848534139498515,0,risco
Nictemeral 2,2024-12-10 07:02:00,2024-12-10,07:02,7.033333333333333,manha,SD01,28.7,8.36,1.3,39.3,57.1,24,2.1135816820872435,-1.5116891586914063,0,risco
Nictemeral 2,2024-12-10 07:05:00,2024-12-10,07:05,7.083333333333333,manha,SD02,28.7,8.38,1.5,39.2,56.9,24,2.014697836514458,-1.4677416450598897,0,risco
Nictemeral 2,2024-12-10 07:08:00,2024-12-10,07:08,7.133333333333334,manha,SD03,28.8,8.338,2.1,39.2,57.0,24,2.0766607592194855,-1.305009946470334,0,risco
Nictemeral 2,2024-12-10 07:12:00,2024-12-10,07:12,7.2,manha,SD04,28.8,8.39,1.8,93.3,57.0,25,8.753017329064186,0.30506967557195797,3,anomalia
Nictemeral 2,2024-12-10 07:13:00,2024-12-10,07:13,7.216666666666667,manha,SD05,28.8,8.37,1.8,39.2,56.9,26,1.731758198531879,-1.5018964496962928,0,risco
Nictemeral 2,2024-12-10 07:17:00,2024-12-10,07:17,7.283333333333333,manha,SD06,28.8,8.39,2.4,39.2,57.0,22,2.217475996836526,-1.05853303359542,0,risco
Nictemeral 2,2024-12-10 07:19:00,2024-12-10,07:19,7.316666666666666,manha,SD07,28.7,8.38,2.4,39.23,57.0,24,1.9759643710305543,-1.2455189774809134,0,risco
Nictemeral 2,2024-12-10 07:23:00,2024-12-10,07:23,7.383333333333334,manha,SD08,28.8,8.37,2.4,39.2,57.0,24,1.9838937039531768,-1.2067603583027668,0,risco
Nictemeral 2,2024-12-10 07:25:00,2024-12-10,07:25,7.416666666666667,manha,SD09,28.8,8.37,2.5,39.2,57.0,23,2.115311505800568,-1.1096661870144713,0,risco
Nictemeral 2,2024-12-10 08:03:00,2024-12-10,08:03,8.05,manha,SD01,28.7,8.41,2.0,39.3,57.0,27,1.5151270052207615,-1.4891624295239754,0,risco
Nictemeral 2,2024-12-10 08:07:00,2024-12-10,08:07,8.116666666666667,manha,SD02,28.7,8.41,2.2,39.2,56.9,24,1.8884281069890916,-1.2306734557585792,0,risco
Nictemeral 2,2024-12-10 08:09:00,2024-12-10,08:09,8.15,manha,SD03,28.7,8.4,2.7,39.3,57.0,24,1.9078844655784828,-1.1132088266046527,0,risco
Nictemeral 2,2024-12-10 08:11:00,2024-12-10,08:11,8.183333333333334,manha,SD04,28.8,8.39,2.1,39.3,57.0,24,1.9555623263869615,-1.209736460260339,0,risco
Nictemeral 2,2024-12-10 08:13:00,2024-12-10,08:13,8.216666666666667,manha,SD05,28.8,8.41,2.6,39.2,57.0,25,1.7307605976233371,-1.1621735626935608,0,risco
Nictemeral 2,2024-12-10 08:16:00,2024-12-10,08:16,8.266666666666667,manha,SD06,28.9,8.39,2.8,39.3,57.1,24,1.9184622691465383,-1.0026581380488386,0,risco
Nictemeral 2,2024-12-10 08:18:00,2024-12-10,08:18,8.3,manha,SD07,28.9,8.41,3.0,39.3,57.1,25,1.7240895504868559,-1.0189629958597552,0,risco
Nictemeral 2,2024-12-10 08:22:00,2024-12-10,08:22,8.366666666666667,manha,SD08,28.9,8.41,3.2,39.4,57.1,26,1.585961989789521,-1.0393979489271203,0,risco
Nictemeral 2,2024-12-10 08:27:00,2024-12-10,08:27,8.45,manha,SD09,28.9,8.41,3.1,39.3,57.1,26,1.5775395271155466,-1.0595703226007396,0,risco
Nictemeral 2,2024-12-10 09:02:00,2024-12-10,09:02,9.033333333333333,manha,SD01,29.2,8.44,3.5,39.2,56.9,25,1.5458123555000491,-0.7388429622247323,0,risco
Nictemeral 2,2024-12-10 09:04:00,2024-12-10,09:04,9.066666666666666,manha,SD02,29.2,8.42,3.4,39.1,56.8,23,1.8435432334500887,-0.6316014709537611,0,risco
Nictemeral 2,2024-12-10 09:07:00,2024-12-10,09:07,9.116666666666667,manha,SD03,29.4,8.41,3.8,39.3,57.0,23,1.8779177046120092,-0.44680693302827473,0,risco
Nictemeral 2,2024-12-10 09:10:00,2024-12-10,09:10,9.166666666666666,manha,SD04,29.4,8.41,3.7,39.1,56.8,23,1.82798821432359,-0.4825431709511939,0,risco
Nictemeral 2,2024-12-10 09:13:00,2024-12-10,09:13,9.216666666666667,manha,SD05,29.4,8.41,3.8,39.3,57.0,24,1.7381691720380417,-0.5129786487055712,0,risco
Nictemeral 2,2024-12-10 09:15:00,2024-12-10,09:15,9.25,manha,SD06,29.6,8.41,4.0,39.3,57.0,23,1.8455950941788668,-0.3132278486157673,0,risco
Nictemeral 2,2024-12-10 09:19:00,2024-12-10,09:19,9.316666666666666,manha,SD07,29.7,8.41,4.1,39.3,57.1,22,1.9820180106219818,-0.16871703764128437,0,risco
Nictemeral 2,2024-12-10 09:21:00,2024-12-10,09:21,9.35,manha,SD08,29.7,8.42,4.4,39.3,57.0,22,1.9270438549553355,-0.09991793058665467,0,risco
Nictemeral 2,2024-12-10 09:23:00,2024-12-10,09:23,9.383333333333333,manha,SD09,29.7,8.41,4.2,39.3,57.0,22,1.9602398948379933,-0.14720090845134484,0,risco
Nictemeral 2,2024-12-10 10:03:00,2024-12-10,10:03,10.05,manha,SD01,29.8,8.49,4.4,39.2,56.8,21,1.846660098965873,0.07751387422416527,0,risco
Nictemeral 2,2024-12-10 10:05:00,2024-12-10,10:05,10.083333333333334,manha,SD02,29.9,8.47,4.5,39.2,57.0,22,1.7666182834132096,0.07034432689311342,0,risco
Nictemeral 2,2024-12-10 10:09:00,2024-12-10,10:09,10.15,manha,SD03,30.0,8.45,4.4,39.3,57.0,23,1.681168281151398,0.01356005362312195,0,risco
Nictemeral 2,2024-12-10 10:10:00,2024-12-10,10:10,10.166666666666666,manha,SD04,30.0,8.44,4.7,39.4,57.2,22,1.8652826030659246,0.16297524034734162,0,risco
Nictemeral 2,2024-12-10 10:12:00,2024-12-10,10:12,10.2,manha,SD05,30.2,8.44,4.8,39.3,57.1,26,1.2615773021667802,-0.03093125142707492,0,risco
Nictemeral 2,2024-12-10 10:15:00,2024-12-10,10:15,10.25,manha,SD06,30.2,8.44,4.9,39.2,57.0,25,1.3652413094429852,0.05893376869804259,0,risco
Nictemeral 2,2024-12-10 10:17:00,2024-12-10,10:17,10.283333333333333,manha,SD07,30.1,8.42,5.0,39.3,57.1,24,1.577240708658599,0.11472095120632195,0,risco
Nictemeral 2,2024-12-10 10:20:00,2024-12-10,10:20,10.333333333333334,manha,SD08,30.3,8.42,5.2,39.4,57.2,27,1.160154950763373,0.033438546381495085,0,risco
Nictemeral 2,2024-12-10 10:22:00,2024-12-10,10:22,10.366666666666667,manha,SD09,30.4,8.45,5.4,39.4,57.1,26,1.195844535812531,0.20209725346967666,0,risco
